Gérard,Depardieu
Bertrand,Cantat
Thavaud,Norman
Harvey,Weinstein
Luis,Rubiales
gérald,darmanin
benoit,Jacquot
Philippe, Caubère
seb,mellia
Joël,Guerriau
Léo,Grasset
Kevin,Spacey
Roman,Polanski
James,Franco
Donald,Trump
Anthox,Colaboy
Gisclon,Jeremstar
Jérémy,Gisclon
Lars,Trier
Lars,von Trier
Steven,Seagal
Arnold,Schwarzenegger
Antoine,Valentinelli
lomepal,lomepal
Frédéric,Beigbeder
Cyril,Hanouna
Gérard,Miller
Jacques,Doillon
eric,zemmour
Nicolas,Bedos
alain,corneau
Stéphane,Plaza
Michel,Sardou 
Adrien,Laurent
Ad,Laurent
Djimo,Djimo
Ary,Abittan
Lenny,M'bunga
Émile,Daraï
Kendji,Girac
Pierre,Notte
Nicolas,Bedos
Nekfeu,Nekfeu
Ken,Samaras
Serge,Bozon
Christophe,ruggia
Puff,Daddy
Puff,Diddy
justin,baldoni
