Benoît, Poelvoorde
Nathalie, Baye
Carole, Bouquet
Jacques, Dutronc
Charlotte, Rampling
Nadine, Trintignant
Yvan, Attal
Jacques, Weber
Bertrand, Blier
Emmanuelle, Seigner
Roberto, Alagna
Michel, Fau
Victoria, Abril
Dominique, Besnehard
Carla, Bruni
Pierre, Richard
Clémentine, Célarié
Gérard, Darmon
Rudy, Ricciotti
Christophe, Barratier
Arielle, Dombasle
Francis, Veber
Patrice, Leconte
Brigitte, Fossey
Boualem, Sansal
Charles, Berling
Yannis, Ezziadi
Vincent, Perez
Myriam, Boyer
Antoine, Duléry
Afida, Turner
Paulo, Branco
Jean-Marie, Rouart
Josée, Dayan
Joël, Séria
Bernard, Murat
Serge, Toubiana
Catherine, Millet
Jacques, Henric
Stéphanie, Murat
Marie-France, Brière
Daniel, Humair
Judith, Magre
David, Belugou
Marie, Beltrami
Tanya, Lopert
Jean-Claude, Dreyfus
Chiara, Muti
Jean-Marie, Besset
Stéphan, Druet
Christine, Boisson
Karine, Silla-Perez
Myriam, Boisaubert
Lilian, Euzéby
Marion, Lahmer
Emmanuel,Macron
Prince,Andrew
Kev Adams,Kev Adams
Kevin,Smadja
Michel,Drucker
Éric,Dupond-Moretti
Anny,Duperey
Aurore,Bergé
Pierre,Arditi